"";"iso3c";"iso2c";"country";"capital";"long";"lat";"regionID";"region_iso2c";"region";"adminID";"admin_iso2c";"admin";"incomeID";"income_iso2c";"income";"lendingID";"lending_iso2c";"lending"
"1";"ABW";"AW";"Aruba";"Oranjestad";"-70.0167";"12.5167";"LCN";"ZJ";"Latin America & Caribbean ";NA;NA;NA;"HIC";"XD";"High income";"LNX";"XX";"Not classified"
"2";"AFG";"AF";"Afghanistan";"Kabul";"69.1761";"34.5228";"SAS";"8S";"South Asia";"SAS";"8S";"South Asia";"LIC";"XM";"Low income";"IDX";"XI";"IDA"
"3";"AFR";"A9";"Africa";NA;NA;NA;NA;NA;"Aggregates";NA;NA;NA;NA;NA;"Aggregates";NA;NA;"Aggregates"
"4";"AGO";"AO";"Angola";"Luanda";"13.242";"-8.81155";"SSF";"ZG";"Sub-Saharan Africa ";"SSA";"ZF";"Sub-Saharan Africa (excluding high income)";"LMC";"XN";"Lower middle income";"IBD";"XF";"IBRD"
"5";"ALB";"AL";"Albania";"Tirane";"19.8172";"41.3317";"ECS";"Z7";"Europe & Central Asia";"ECA";"7E";"Europe & Central Asia (excluding high income)";"UMC";"XT";"Upper middle income";"IBD";"XF";"IBRD"
"6";"AND";"AD";"Andorra";"Andorra la Vella";"1.5218";"42.5075";"ECS";"Z7";"Europe & Central Asia";NA;NA;NA;"HIC";"XD";"High income";"LNX";"XX";"Not classified"
"7";"ANR";"L5";"Andean Region";NA;NA;NA;NA;NA;"Aggregates";NA;NA;NA;NA;NA;"Aggregates";NA;NA;"Aggregates"
"8";"ARB";"1A";"Arab World";NA;NA;NA;NA;NA;"Aggregates";NA;NA;NA;NA;NA;"Aggregates";NA;NA;"Aggregates"
"9";"ARE";"AE";"United Arab Emirates";"Abu Dhabi";"54.3705";"24.4764";"MEA";"ZQ";"Middle East & North Africa";NA;NA;NA;"HIC";"XD";"High income";"LNX";"XX";"Not classified"
"10";"ARG";"AR";"Argentina";"Buenos Aires";"-58.4173";"-34.6118";"LCN";"ZJ";"Latin America & Caribbean ";"LAC";"XJ";"Latin America & Caribbean (excluding high income)";"UMC";"XT";"Upper middle income";"IBD";"XF";"IBRD"
"11";"ARM";"AM";"Armenia";"Yerevan";"44.509";"40.1596";"ECS";"Z7";"Europe & Central Asia";"ECA";"7E";"Europe & Central Asia (excluding high income)";"UMC";"XT";"Upper middle income";"IBD";"XF";"IBRD"
"12";"ASM";"AS";"American Samoa";"Pago Pago";"-170.691";"-14.2846";"EAS";"Z4";"East Asia & Pacific";"EAP";"4E";"East Asia & Pacific (excluding high income)";"UMC";"XT";"Upper middle income";"LNX";"XX";"Not classified"
"13";"ATG";"AG";"Antigua and Barbuda";"Saint John's";"-61.8456";"17.1175";"LCN";"ZJ";"Latin America & Caribbean ";NA;NA;NA;"HIC";"XD";"High income";"IBD";"XF";"IBRD"
"14";"AUS";"AU";"Australia";"Canberra";"149.129";"-35.282";"EAS";"Z4";"East Asia & Pacific";NA;NA;NA;"HIC";"XD";"High income";"LNX";"XX";"Not classified"
"15";"AUT";"AT";"Austria";"Vienna";"16.3798";"48.2201";"ECS";"Z7";"Europe & Central Asia";NA;NA;NA;"HIC";"XD";"High income";"LNX";"XX";"Not classified"
"16";"AZE";"AZ";"Azerbaijan";"Baku";"49.8932";"40.3834";"ECS";"Z7";"Europe & Central Asia";"ECA";"7E";"Europe & Central Asia (excluding high income)";"UMC";"XT";"Upper middle income";"IBD";"XF";"IBRD"
"17";"BDI";"BI";"Burundi";"Bujumbura";"29.3639";"-3.3784";"SSF";"ZG";"Sub-Saharan Africa ";"SSA";"ZF";"Sub-Saharan Africa (excluding high income)";"LIC";"XM";"Low income";"IDX";"XI";"IDA"
"18";"BEA";"B4";"East Asia & Pacific (IBRD-only countries)";NA;NA;NA;NA;NA;"Aggregates";NA;NA;NA;NA;NA;"Aggregates";NA;NA;"Aggregates"
"19";"BEC";"B7";"Europe & Central Asia (IBRD-only countries)";NA;NA;NA;NA;NA;"Aggregates";NA;NA;NA;NA;NA;"Aggregates";NA;NA;"Aggregates"
"20";"BEL";"BE";"Belgium";"Brussels";"4.36761";"50.8371";"ECS";"Z7";"Europe & Central Asia";NA;NA;NA;"HIC";"XD";"High income";"LNX";"XX";"Not classified"
"21";"BEN";"BJ";"Benin";"Porto-Novo";"2.6323";"6.4779";"SSF";"ZG";"Sub-Saharan Africa ";"SSA";"ZF";"Sub-Saharan Africa (excluding high income)";"LIC";"XM";"Low income";"IDX";"XI";"IDA"
"22";"BFA";"BF";"Burkina Faso";"Ouagadougou";"-1.53395";"12.3605";"SSF";"ZG";"Sub-Saharan Africa ";"SSA";"ZF";"Sub-Saharan Africa (excluding high income)";"LIC";"XM";"Low income";"IDX";"XI";"IDA"
"23";"BGD";"BD";"Bangladesh";"Dhaka";"90.4113";"23.7055";"SAS";"8S";"South Asia";"SAS";"8S";"South Asia";"LMC";"XN";"Lower middle income";"IDX";"XI";"IDA"
"24";"BGR";"BG";"Bulgaria";"Sofia";"23.3238";"42.7105";"ECS";"Z7";"Europe & Central Asia";"ECA";"7E";"Europe & Central Asia (excluding high income)";"UMC";"XT";"Upper middle income";"IBD";"XF";"IBRD"
"25";"BHI";"B1";"IBRD countries classified as high income";NA;NA;NA;NA;NA;"Aggregates";NA;NA;NA;NA;NA;"Aggregates";NA;NA;"Aggregates"
"26";"BHR";"BH";"Bahrain";"Manama";"50.5354";"26.1921";"MEA";"ZQ";"Middle East & North Africa";NA;NA;NA;"HIC";"XD";"High income";"LNX";"XX";"Not classified"
"27";"BHS";"BS";"Bahamas, The";"Nassau";"-77.339";"25.0661";"LCN";"ZJ";"Latin America & Caribbean ";NA;NA;NA;"HIC";"XD";"High income";"LNX";"XX";"Not classified"
"28";"BIH";"BA";"Bosnia and Herzegovina";"Sarajevo";"18.4214";"43.8607";"ECS";"Z7";"Europe & Central Asia";"ECA";"7E";"Europe & Central Asia (excluding high income)";"UMC";"XT";"Upper middle income";"IBD";"XF";"IBRD"
"29";"BLA";"B2";"Latin America & the Caribbean (IBRD-only countries)";NA;NA;NA;NA;NA;"Aggregates";NA;NA;NA;NA;NA;"Aggregates";NA;NA;"Aggregates"
"30";"BLR";"BY";"Belarus";"Minsk";"27.5766";"53.9678";"ECS";"Z7";"Europe & Central Asia";"ECA";"7E";"Europe & Central Asia (excluding high income)";"UMC";"XT";"Upper middle income";"IBD";"XF";"IBRD"
"31";"BLZ";"BZ";"Belize";"Belmopan";"-88.7713";"17.2534";"LCN";"ZJ";"Latin America & Caribbean ";"LAC";"XJ";"Latin America & Caribbean (excluding high income)";"UMC";"XT";"Upper middle income";"IBD";"XF";"IBRD"
"32";"BMN";"B3";"Middle East & North Africa (IBRD-only countries)";NA;NA;NA;NA;NA;"Aggregates";NA;NA;NA;NA;NA;"Aggregates";NA;NA;"Aggregates"
"33";"BMU";"BM";"Bermuda";"Hamilton";"-64.706";"32.3293";"NAC";"XU";"North America";NA;NA;NA;"HIC";"XD";"High income";"LNX";"XX";"Not classified"
"34";"BOL";"BO";"Bolivia";"La Paz";"-66.1936";"-13.9908";"LCN";"ZJ";"Latin America & Caribbean ";"LAC";"XJ";"Latin America & Caribbean (excluding high income)";"LMC";"XN";"Lower middle income";"IBD";"XF";"IBRD"
"35";"BRA";"BR";"Brazil";"Brasilia";"-47.9292";"-15.7801";"LCN";"ZJ";"Latin America & Caribbean ";"LAC";"XJ";"Latin America & Caribbean (excluding high income)";"UMC";"XT";"Upper middle income";"IBD";"XF";"IBRD"
"36";"BRB";"BB";"Barbados";"Bridgetown";"-59.6105";"13.0935";"LCN";"ZJ";"Latin America & Caribbean ";NA;NA;NA;"HIC";"XD";"High income";"LNX";"XX";"Not classified"
"37";"BRN";"BN";"Brunei Darussalam";"Bandar Seri Begawan";"114.946";"4.94199";"EAS";"Z4";"East Asia & Pacific";NA;NA;NA;"HIC";"XD";"High income";"LNX";"XX";"Not classified"
"38";"BSS";"B6";"Sub-Saharan Africa (IBRD-only countries)";NA;NA;NA;NA;NA;"Aggregates";NA;NA;NA;NA;NA;"Aggregates";NA;NA;"Aggregates"
"39";"BTN";"BT";"Bhutan";"Thimphu";"89.6177";"27.5768";"SAS";"8S";"South Asia";"SAS";"8S";"South Asia";"LMC";"XN";"Lower middle income";"IDX";"XI";"IDA"
"40";"BWA";"BW";"Botswana";"Gaborone";"25.9201";"-24.6544";"SSF";"ZG";"Sub-Saharan Africa ";"SSA";"ZF";"Sub-Saharan Africa (excluding high income)";"UMC";"XT";"Upper middle income";"IBD";"XF";"IBRD"
"41";"CAA";"C9";"Sub-Saharan Africa (IFC classification)";NA;NA;NA;NA;NA;"Aggregates";NA;NA;NA;NA;NA;"Aggregates";NA;NA;"Aggregates"
"42";"CAF";"CF";"Central African Republic";"Bangui";"21.6407";"5.63056";"SSF";"ZG";"Sub-Saharan Africa ";"SSA";"ZF";"Sub-Saharan Africa (excluding high income)";"LIC";"XM";"Low income";"IDX";"XI";"IDA"
"43";"CAN";"CA";"Canada";"Ottawa";"-75.6919";"45.4215";"NAC";"XU";"North America";NA;NA;NA;"HIC";"XD";"High income";"LNX";"XX";"Not classified"
"44";"CEA";"C4";"East Asia and the Pacific (IFC classification)";NA;NA;NA;NA;NA;"Aggregates";NA;NA;NA;NA;NA;"Aggregates";NA;NA;"Aggregates"
"45";"CEB";"B8";"Central Europe and the Baltics";NA;NA;NA;NA;NA;"Aggregates";NA;NA;NA;NA;NA;"Aggregates";NA;NA;"Aggregates"
"46";"CEU";"C5";"Europe and Central Asia (IFC classification)";NA;NA;NA;NA;NA;"Aggregates";NA;NA;NA;NA;NA;"Aggregates";NA;NA;"Aggregates"
"47";"CHE";"CH";"Switzerland";"Bern";"7.44821";"46.948";"ECS";"Z7";"Europe & Central Asia";NA;NA;NA;"HIC";"XD";"High income";"LNX";"XX";"Not classified"
"48";"CHI";"JG";"Channel Islands";NA;NA;NA;"ECS";"Z7";"Europe & Central Asia";NA;NA;NA;"HIC";"XD";"High income";"LNX";"XX";"Not classified"
"49";"CHL";"CL";"Chile";"Santiago";"-70.6475";"-33.475";"LCN";"ZJ";"Latin America & Caribbean ";NA;NA;NA;"HIC";"XD";"High income";"IBD";"XF";"IBRD"
"50";"CHN";"CN";"China";"Beijing";"116.286";"40.0495";"EAS";"Z4";"East Asia & Pacific";"EAP";"4E";"East Asia & Pacific (excluding high income)";"UMC";"XT";"Upper middle income";"IBD";"XF";"IBRD"
"51";"CIV";"CI";"Cote d'Ivoire";"Yamoussoukro";"-4.0305";"5.332";"SSF";"ZG";"Sub-Saharan Africa ";"SSA";"ZF";"Sub-Saharan Africa (excluding high income)";"LMC";"XN";"Lower middle income";"IDX";"XI";"IDA"
"52";"CLA";"C6";"Latin America and the Caribbean (IFC classification)";NA;NA;NA;NA;NA;"Aggregates";NA;NA;NA;NA;NA;"Aggregates";NA;NA;"Aggregates"
"53";"CME";"C7";"Middle East and North Africa (IFC classification)";NA;NA;NA;NA;NA;"Aggregates";NA;NA;NA;NA;NA;"Aggregates";NA;NA;"Aggregates"
"54";"CMR";"CM";"Cameroon";"Yaounde";"11.5174";"3.8721";"SSF";"ZG";"Sub-Saharan Africa ";"SSA";"ZF";"Sub-Saharan Africa (excluding high income)";"LMC";"XN";"Lower middle income";"IDB";"XH";"Blend"
"55";"COD";"CD";"Congo, Dem. Rep.";"Kinshasa";"15.3222";"-4.325";"SSF";"ZG";"Sub-Saharan Africa ";"SSA";"ZF";"Sub-Saharan Africa (excluding high income)";"LIC";"XM";"Low income";"IDX";"XI";"IDA"
"56";"COG";"CG";"Congo, Rep.";"Brazzaville";"15.2662";"-4.2767";"SSF";"ZG";"Sub-Saharan Africa ";"SSA";"ZF";"Sub-Saharan Africa (excluding high income)";"LMC";"XN";"Lower middle income";"IDB";"XH";"Blend"
"57";"COL";"CO";"Colombia";"Bogota";"-74.082";"4.60987";"LCN";"ZJ";"Latin America & Caribbean ";"LAC";"XJ";"Latin America & Caribbean (excluding high income)";"UMC";"XT";"Upper middle income";"IBD";"XF";"IBRD"
"58";"COM";"KM";"Comoros";"Moroni";"43.2418";"-11.6986";"SSF";"ZG";"Sub-Saharan Africa ";"SSA";"ZF";"Sub-Saharan Africa (excluding high income)";"LMC";"XN";"Lower middle income";"IDX";"XI";"IDA"
"59";"CPV";"CV";"Cabo Verde";"Praia";"-23.5087";"14.9218";"SSF";"ZG";"Sub-Saharan Africa ";"SSA";"ZF";"Sub-Saharan Africa (excluding high income)";"LMC";"XN";"Lower middle income";"IDB";"XH";"Blend"
"60";"CRI";"CR";"Costa Rica";"San Jose";"-84.0089";"9.63701";"LCN";"ZJ";"Latin America & Caribbean ";"LAC";"XJ";"Latin America & Caribbean (excluding high income)";"UMC";"XT";"Upper middle income";"IBD";"XF";"IBRD"
"61";"CSA";"C8";"South Asia (IFC classification)";NA;NA;NA;NA;NA;"Aggregates";NA;NA;NA;NA;NA;"Aggregates";NA;NA;"Aggregates"
"62";"CSS";"S3";"Caribbean small states";NA;NA;NA;NA;NA;"Aggregates";NA;NA;NA;NA;NA;"Aggregates";NA;NA;"Aggregates"
"63";"CUB";"CU";"Cuba";"Havana";"-82.3667";"23.1333";"LCN";"ZJ";"Latin America & Caribbean ";"LAC";"XJ";"Latin America & Caribbean (excluding high income)";"UMC";"XT";"Upper middle income";"LNX";"XX";"Not classified"
"64";"CUW";"CW";"Curacao";"Willemstad";NA;NA;"LCN";"ZJ";"Latin America & Caribbean ";NA;NA;NA;"HIC";"XD";"High income";"LNX";"XX";"Not classified"
"65";"CYM";"KY";"Cayman Islands";"George Town";"-81.3857";"19.3022";"LCN";"ZJ";"Latin America & Caribbean ";NA;NA;NA;"HIC";"XD";"High income";"LNX";"XX";"Not classified"
"66";"CYP";"CY";"Cyprus";"Nicosia";"33.3736";"35.1676";"ECS";"Z7";"Europe & Central Asia";NA;NA;NA;"HIC";"XD";"High income";"LNX";"XX";"Not classified"
"67";"CZE";"CZ";"Czech Republic";"Prague";"14.4205";"50.0878";"ECS";"Z7";"Europe & Central Asia";NA;NA;NA;"HIC";"XD";"High income";"LNX";"XX";"Not classified"
"68";"DEA";"D4";"East Asia & Pacific (IDA-eligible countries)";NA;NA;NA;NA;NA;"Aggregates";NA;NA;NA;NA;NA;"Aggregates";NA;NA;"Aggregates"
"69";"DEC";"D7";"Europe & Central Asia (IDA-eligible countries)";NA;NA;NA;NA;NA;"Aggregates";NA;NA;NA;NA;NA;"Aggregates";NA;NA;"Aggregates"
"70";"DEU";"DE";"Germany";"Berlin";"13.4115";"52.5235";"ECS";"Z7";"Europe & Central Asia";NA;NA;NA;"HIC";"XD";"High income";"LNX";"XX";"Not classified"
"71";"DFS";"D8";"IDA countries classified as Fragile Situations";NA;NA;NA;NA;NA;"Aggregates";NA;NA;NA;NA;NA;"Aggregates";NA;NA;"Aggregates"
"72";"DJI";"DJ";"Djibouti";"Djibouti";"43.1425";"11.5806";"MEA";"ZQ";"Middle East & North Africa";"MNA";"XQ";"Middle East & North Africa (excluding high income)";"LMC";"XN";"Lower middle income";"IDX";"XI";"IDA"
"73";"DLA";"D2";"Latin America & the Caribbean (IDA-eligible countries)";NA;NA;NA;NA;NA;"Aggregates";NA;NA;NA;NA;NA;"Aggregates";NA;NA;"Aggregates"
"74";"DMA";"DM";"Dominica";"Roseau";"-61.39";"15.2976";"LCN";"ZJ";"Latin America & Caribbean ";"LAC";"XJ";"Latin America & Caribbean (excluding high income)";"UMC";"XT";"Upper middle income";"IDB";"XH";"Blend"
"75";"DMN";"D3";"Middle East & North Africa (IDA-eligible countries)";NA;NA;NA;NA;NA;"Aggregates";NA;NA;NA;NA;NA;"Aggregates";NA;NA;"Aggregates"
"76";"DNF";"D9";"IDA countries not classified as Fragile Situations";NA;NA;NA;NA;NA;"Aggregates";NA;NA;NA;NA;NA;"Aggregates";NA;NA;"Aggregates"
"77";"DNK";"DK";"Denmark";"Copenhagen";"12.5681";"55.6763";"ECS";"Z7";"Europe & Central Asia";NA;NA;NA;"HIC";"XD";"High income";"LNX";"XX";"Not classified"
"78";"DNS";"N6";"IDA countries in Sub-Saharan Africa not classified as fragile situations ";NA;NA;NA;NA;NA;"Aggregates";NA;NA;NA;NA;NA;"Aggregates";NA;NA;"Aggregates"
"79";"DOM";"DO";"Dominican Republic";"Santo Domingo";"-69.8908";"18.479";"LCN";"ZJ";"Latin America & Caribbean ";"LAC";"XJ";"Latin America & Caribbean (excluding high income)";"UMC";"XT";"Upper middle income";"IBD";"XF";"IBRD"
"80";"DSA";"D5";"South Asia (IDA-eligible countries)";NA;NA;NA;NA;NA;"Aggregates";NA;NA;NA;NA;NA;"Aggregates";NA;NA;"Aggregates"
"81";"DSF";"F6";"IDA countries in Sub-Saharan Africa classified as fragile situations ";NA;NA;NA;NA;NA;"Aggregates";NA;NA;NA;NA;NA;"Aggregates";NA;NA;"Aggregates"
"82";"DSS";"D6";"Sub-Saharan Africa (IDA-eligible countries)";NA;NA;NA;NA;NA;"Aggregates";NA;NA;NA;NA;NA;"Aggregates";NA;NA;"Aggregates"
"83";"DXS";"6D";"IDA total, excluding Sub-Saharan Africa";NA;NA;NA;NA;NA;"Aggregates";NA;NA;NA;NA;NA;"Aggregates";NA;NA;"Aggregates"
"84";"DZA";"DZ";"Algeria";"Algiers";"3.05097";"36.7397";"MEA";"ZQ";"Middle East & North Africa";"MNA";"XQ";"Middle East & North Africa (excluding high income)";"UMC";"XT";"Upper middle income";"IBD";"XF";"IBRD"
"85";"EAP";"4E";"East Asia & Pacific (excluding high income)";NA;NA;NA;NA;NA;"Aggregates";NA;NA;NA;NA;NA;"Aggregates";NA;NA;"Aggregates"
"86";"EAR";"V2";"Early-demographic dividend";NA;NA;NA;NA;NA;"Aggregates";NA;NA;NA;NA;NA;"Aggregates";NA;NA;"Aggregates"
"87";"EAS";"Z4";"East Asia & Pacific";NA;NA;NA;NA;NA;"Aggregates";NA;NA;NA;NA;NA;"Aggregates";NA;NA;"Aggregates"
"88";"ECA";"7E";"Europe & Central Asia (excluding high income)";NA;NA;NA;NA;NA;"Aggregates";NA;NA;NA;NA;NA;"Aggregates";NA;NA;"Aggregates"
"89";"ECS";"Z7";"Europe & Central Asia";NA;NA;NA;NA;NA;"Aggregates";NA;NA;NA;NA;NA;"Aggregates";NA;NA;"Aggregates"
"90";"ECU";"EC";"Ecuador";"Quito";"-78.5243";"-0.229498";"LCN";"ZJ";"Latin America & Caribbean ";"LAC";"XJ";"Latin America & Caribbean (excluding high income)";"UMC";"XT";"Upper middle income";"IBD";"XF";"IBRD"
"91";"EGY";"EG";"Egypt, Arab Rep.";"Cairo";"31.2461";"30.0982";"MEA";"ZQ";"Middle East & North Africa";"MNA";"XQ";"Middle East & North Africa (excluding high income)";"LMC";"XN";"Lower middle income";"IBD";"XF";"IBRD"
"92";"EMU";"XC";"Euro area";NA;NA;NA;NA;NA;"Aggregates";NA;NA;NA;NA;NA;"Aggregates";NA;NA;"Aggregates"
"93";"ERI";"ER";"Eritrea";"Asmara";"38.9183";"15.3315";"SSF";"ZG";"Sub-Saharan Africa ";"SSA";"ZF";"Sub-Saharan Africa (excluding high income)";"LIC";"XM";"Low income";"IDX";"XI";"IDA"
"94";"ESP";"ES";"Spain";"Madrid";"-3.70327";"40.4167";"ECS";"Z7";"Europe & Central Asia";NA;NA;NA;"HIC";"XD";"High income";"LNX";"XX";"Not classified"
"95";"EST";"EE";"Estonia";"Tallinn";"24.7586";"59.4392";"ECS";"Z7";"Europe & Central Asia";NA;NA;NA;"HIC";"XD";"High income";"LNX";"XX";"Not classified"
"96";"ETH";"ET";"Ethiopia";"Addis Ababa";"38.7468";"9.02274";"SSF";"ZG";"Sub-Saharan Africa ";"SSA";"ZF";"Sub-Saharan Africa (excluding high income)";"LIC";"XM";"Low income";"IDX";"XI";"IDA"
"97";"EUU";"EU";"European Union";NA;NA;NA;NA;NA;"Aggregates";NA;NA;NA;NA;NA;"Aggregates";NA;NA;"Aggregates"
"98";"FCS";"F1";"Fragile and conflict affected situations";NA;NA;NA;NA;NA;"Aggregates";NA;NA;NA;NA;NA;"Aggregates";NA;NA;"Aggregates"
"99";"FIN";"FI";"Finland";"Helsinki";"24.9525";"60.1608";"ECS";"Z7";"Europe & Central Asia";NA;NA;NA;"HIC";"XD";"High income";"LNX";"XX";"Not classified"
"100";"FJI";"FJ";"Fiji";"Suva";"178.399";"-18.1149";"EAS";"Z4";"East Asia & Pacific";"EAP";"4E";"East Asia & Pacific (excluding high income)";"UMC";"XT";"Upper middle income";"IDB";"XH";"Blend"
"101";"FRA";"FR";"France";"Paris";"2.35097";"48.8566";"ECS";"Z7";"Europe & Central Asia";NA;NA;NA;"HIC";"XD";"High income";"LNX";"XX";"Not classified"
"102";"FRO";"FO";"Faroe Islands";"Torshavn";"-6.91181";"61.8926";"ECS";"Z7";"Europe & Central Asia";NA;NA;NA;"HIC";"XD";"High income";"LNX";"XX";"Not classified"
"103";"FSM";"FM";"Micronesia, Fed. Sts.";"Palikir";"158.185";"6.91771";"EAS";"Z4";"East Asia & Pacific";"EAP";"4E";"East Asia & Pacific (excluding high income)";"LMC";"XN";"Lower middle income";"IDX";"XI";"IDA"
"104";"FXS";"6F";"IDA countries classified as fragile situations, excluding Sub-Saharan Africa";NA;NA;NA;NA;NA;"Aggregates";NA;NA;NA;NA;NA;"Aggregates";NA;NA;"Aggregates"
"105";"GAB";"GA";"Gabon";"Libreville";"9.45162";"0.38832";"SSF";"ZG";"Sub-Saharan Africa ";"SSA";"ZF";"Sub-Saharan Africa (excluding high income)";"UMC";"XT";"Upper middle income";"IBD";"XF";"IBRD"
"106";"GBR";"GB";"United Kingdom";"London";"-0.126236";"51.5002";"ECS";"Z7";"Europe & Central Asia";NA;NA;NA;"HIC";"XD";"High income";"LNX";"XX";"Not classified"
"107";"GEO";"GE";"Georgia";"Tbilisi";"44.793";"41.71";"ECS";"Z7";"Europe & Central Asia";"ECA";"7E";"Europe & Central Asia (excluding high income)";"UMC";"XT";"Upper middle income";"IBD";"XF";"IBRD"
"108";"GHA";"GH";"Ghana";"Accra";"-0.20795";"5.57045";"SSF";"ZG";"Sub-Saharan Africa ";"SSA";"ZF";"Sub-Saharan Africa (excluding high income)";"LMC";"XN";"Lower middle income";"IDX";"XI";"IDA"
"109";"GIB";"GI";"Gibraltar";NA;NA;NA;"ECS";"Z7";"Europe & Central Asia";NA;NA;NA;"HIC";"XD";"High income";"LNX";"XX";"Not classified"
"110";"GIN";"GN";"Guinea";"Conakry";"-13.7";"9.51667";"SSF";"ZG";"Sub-Saharan Africa ";"SSA";"ZF";"Sub-Saharan Africa (excluding high income)";"LIC";"XM";"Low income";"IDX";"XI";"IDA"
"111";"GMB";"GM";"Gambia, The";"Banjul";"-16.5885";"13.4495";"SSF";"ZG";"Sub-Saharan Africa ";"SSA";"ZF";"Sub-Saharan Africa (excluding high income)";"LIC";"XM";"Low income";"IDX";"XI";"IDA"
"112";"GNB";"GW";"Guinea-Bissau";"Bissau";"-15.1804";"11.8037";"SSF";"ZG";"Sub-Saharan Africa ";"SSA";"ZF";"Sub-Saharan Africa (excluding high income)";"LIC";"XM";"Low income";"IDX";"XI";"IDA"
"113";"GNQ";"GQ";"Equatorial Guinea";"Malabo";"8.7741";"3.7523";"SSF";"ZG";"Sub-Saharan Africa ";"SSA";"ZF";"Sub-Saharan Africa (excluding high income)";"UMC";"XT";"Upper middle income";"IBD";"XF";"IBRD"
"114";"GRC";"GR";"Greece";"Athens";"23.7166";"37.9792";"ECS";"Z7";"Europe & Central Asia";NA;NA;NA;"HIC";"XD";"High income";"LNX";"XX";"Not classified"
"115";"GRD";"GD";"Grenada";"Saint George's";"-61.7449";"12.0653";"LCN";"ZJ";"Latin America & Caribbean ";"LAC";"XJ";"Latin America & Caribbean (excluding high income)";"UMC";"XT";"Upper middle income";"IDB";"XH";"Blend"
"116";"GRL";"GL";"Greenland";"Nuuk";"-51.7214";"64.1836";"ECS";"Z7";"Europe & Central Asia";NA;NA;NA;"HIC";"XD";"High income";"LNX";"XX";"Not classified"
"117";"GTM";"GT";"Guatemala";"Guatemala City";"-90.5328";"14.6248";"LCN";"ZJ";"Latin America & Caribbean ";"LAC";"XJ";"Latin America & Caribbean (excluding high income)";"UMC";"XT";"Upper middle income";"IBD";"XF";"IBRD"
"118";"GUM";"GU";"Guam";"Agana";"144.794";"13.4443";"EAS";"Z4";"East Asia & Pacific";NA;NA;NA;"HIC";"XD";"High income";"LNX";"XX";"Not classified"
"119";"GUY";"GY";"Guyana";"Georgetown";"-58.1548";"6.80461";"LCN";"ZJ";"Latin America & Caribbean ";"LAC";"XJ";"Latin America & Caribbean (excluding high income)";"UMC";"XT";"Upper middle income";"IDX";"XI";"IDA"
"120";"HIC";"XD";"High income";NA;NA;NA;NA;NA;"Aggregates";NA;NA;NA;NA;NA;"Aggregates";NA;NA;"Aggregates"
"121";"HKG";"HK";"Hong Kong SAR, China";NA;"114.109";"22.3964";"EAS";"Z4";"East Asia & Pacific";NA;NA;NA;"HIC";"XD";"High income";"LNX";"XX";"Not classified"
"122";"HND";"HN";"Honduras";"Tegucigalpa";"-87.4667";"15.1333";"LCN";"ZJ";"Latin America & Caribbean ";"LAC";"XJ";"Latin America & Caribbean (excluding high income)";"LMC";"XN";"Lower middle income";"IDX";"XI";"IDA"
"123";"HPC";"XE";"Heavily indebted poor countries (HIPC)";NA;NA;NA;NA;NA;"Aggregates";NA;NA;NA;NA;NA;"Aggregates";NA;NA;"Aggregates"
"124";"HRV";"HR";"Croatia";"Zagreb";"15.9614";"45.8069";"ECS";"Z7";"Europe & Central Asia";NA;NA;NA;"HIC";"XD";"High income";"IBD";"XF";"IBRD"
"125";"HTI";"HT";"Haiti";"Port-au-Prince";"-72.3288";"18.5392";"LCN";"ZJ";"Latin America & Caribbean ";"LAC";"XJ";"Latin America & Caribbean (excluding high income)";"LIC";"XM";"Low income";"IDX";"XI";"IDA"
"126";"HUN";"HU";"Hungary";"Budapest";"19.0408";"47.4984";"ECS";"Z7";"Europe & Central Asia";NA;NA;NA;"HIC";"XD";"High income";"LNX";"XX";"Not classified"
"127";"IBB";"ZB";"IBRD, including blend";NA;NA;NA;NA;NA;"Aggregates";NA;NA;NA;NA;NA;"Aggregates";NA;NA;"Aggregates"
"128";"IBD";"XF";"IBRD only";NA;NA;NA;NA;NA;"Aggregates";NA;NA;NA;NA;NA;"Aggregates";NA;NA;"Aggregates"
"129";"IBT";"ZT";"IDA & IBRD total";NA;NA;NA;NA;NA;"Aggregates";NA;NA;NA;NA;NA;"Aggregates";NA;NA;"Aggregates"
"130";"IDA";"XG";"IDA total";NA;NA;NA;NA;NA;"Aggregates";NA;NA;NA;NA;NA;"Aggregates";NA;NA;"Aggregates"
"131";"IDB";"XH";"IDA blend";NA;NA;NA;NA;NA;"Aggregates";NA;NA;NA;NA;NA;"Aggregates";NA;NA;"Aggregates"
"132";"IDN";"ID";"Indonesia";"Jakarta";"106.83";"-6.19752";"EAS";"Z4";"East Asia & Pacific";"EAP";"4E";"East Asia & Pacific (excluding high income)";"LMC";"XN";"Lower middle income";"IBD";"XF";"IBRD"
"133";"IDX";"XI";"IDA only";NA;NA;NA;NA;NA;"Aggregates";NA;NA;NA;NA;NA;"Aggregates";NA;NA;"Aggregates"
"134";"IMN";"IM";"Isle of Man";"Douglas";"-4.47928";"54.1509";"ECS";"Z7";"Europe & Central Asia";NA;NA;NA;"HIC";"XD";"High income";"LNX";"XX";"Not classified"
"135";"IND";"IN";"India";"New Delhi";"77.225";"28.6353";"SAS";"8S";"South Asia";"SAS";"8S";"South Asia";"LMC";"XN";"Lower middle income";"IBD";"XF";"IBRD"
"136";"INX";"XY";"Not classified";NA;NA;NA;NA;NA;"Aggregates";NA;NA;NA;NA;NA;"Aggregates";NA;NA;"Aggregates"
"137";"IRL";"IE";"Ireland";"Dublin";"-6.26749";"53.3441";"ECS";"Z7";"Europe & Central Asia";NA;NA;NA;"HIC";"XD";"High income";"LNX";"XX";"Not classified"
"138";"IRN";"IR";"Iran, Islamic Rep.";"Tehran";"51.4447";"35.6878";"MEA";"ZQ";"Middle East & North Africa";"MNA";"XQ";"Middle East & North Africa (excluding high income)";"UMC";"XT";"Upper middle income";"IBD";"XF";"IBRD"
"139";"IRQ";"IQ";"Iraq";"Baghdad";"44.394";"33.3302";"MEA";"ZQ";"Middle East & North Africa";"MNA";"XQ";"Middle East & North Africa (excluding high income)";"UMC";"XT";"Upper middle income";"IBD";"XF";"IBRD"
"140";"ISL";"IS";"Iceland";"Reykjavik";"-21.8952";"64.1353";"ECS";"Z7";"Europe & Central Asia";NA;NA;NA;"HIC";"XD";"High income";"LNX";"XX";"Not classified"
"141";"ISR";"IL";"Israel";NA;"35.2035";"31.7717";"MEA";"ZQ";"Middle East & North Africa";NA;NA;NA;"HIC";"XD";"High income";"LNX";"XX";"Not classified"
"142";"ITA";"IT";"Italy";"Rome";"12.4823";"41.8955";"ECS";"Z7";"Europe & Central Asia";NA;NA;NA;"HIC";"XD";"High income";"LNX";"XX";"Not classified"
"143";"JAM";"JM";"Jamaica";"Kingston";"-76.792";"17.9927";"LCN";"ZJ";"Latin America & Caribbean ";"LAC";"XJ";"Latin America & Caribbean (excluding high income)";"UMC";"XT";"Upper middle income";"IBD";"XF";"IBRD"
"144";"JOR";"JO";"Jordan";"Amman";"35.9263";"31.9497";"MEA";"ZQ";"Middle East & North Africa";"MNA";"XQ";"Middle East & North Africa (excluding high income)";"UMC";"XT";"Upper middle income";"IBD";"XF";"IBRD"
"145";"JPN";"JP";"Japan";"Tokyo";"139.77";"35.67";"EAS";"Z4";"East Asia & Pacific";NA;NA;NA;"HIC";"XD";"High income";"LNX";"XX";"Not classified"
"146";"KAZ";"KZ";"Kazakhstan";"Astana";"71.4382";"51.1879";"ECS";"Z7";"Europe & Central Asia";"ECA";"7E";"Europe & Central Asia (excluding high income)";"UMC";"XT";"Upper middle income";"IBD";"XF";"IBRD"
"147";"KEN";"KE";"Kenya";"Nairobi";"36.8126";"-1.27975";"SSF";"ZG";"Sub-Saharan Africa ";"SSA";"ZF";"Sub-Saharan Africa (excluding high income)";"LMC";"XN";"Lower middle income";"IDB";"XH";"Blend"
"148";"KGZ";"KG";"Kyrgyz Republic";"Bishkek";"74.6057";"42.8851";"ECS";"Z7";"Europe & Central Asia";"ECA";"7E";"Europe & Central Asia (excluding high income)";"LMC";"XN";"Lower middle income";"IDX";"XI";"IDA"
"149";"KHM";"KH";"Cambodia";"Phnom Penh";"104.874";"11.5556";"EAS";"Z4";"East Asia & Pacific";"EAP";"4E";"East Asia & Pacific (excluding high income)";"LMC";"XN";"Lower middle income";"IDX";"XI";"IDA"
"150";"KIR";"KI";"Kiribati";"Tarawa";"172.979";"1.32905";"EAS";"Z4";"East Asia & Pacific";"EAP";"4E";"East Asia & Pacific (excluding high income)";"LMC";"XN";"Lower middle income";"IDX";"XI";"IDA"
"151";"KNA";"KN";"St. Kitts and Nevis";"Basseterre";"-62.7309";"17.3";"LCN";"ZJ";"Latin America & Caribbean ";NA;NA;NA;"HIC";"XD";"High income";"IBD";"XF";"IBRD"
"152";"KOR";"KR";"Korea, Rep.";"Seoul";"126.957";"37.5323";"EAS";"Z4";"East Asia & Pacific";NA;NA;NA;"HIC";"XD";"High income";"LNX";"XX";"Not classified"
"153";"KWT";"KW";"Kuwait";"Kuwait City";"47.9824";"29.3721";"MEA";"ZQ";"Middle East & North Africa";NA;NA;NA;"HIC";"XD";"High income";"LNX";"XX";"Not classified"
"154";"LAC";"XJ";"Latin America & Caribbean (excluding high income)";NA;NA;NA;NA;NA;"Aggregates";NA;NA;NA;NA;NA;"Aggregates";NA;NA;"Aggregates"
"155";"LAO";"LA";"Lao PDR";"Vientiane";"102.177";"18.5826";"EAS";"Z4";"East Asia & Pacific";"EAP";"4E";"East Asia & Pacific (excluding high income)";"LMC";"XN";"Lower middle income";"IDX";"XI";"IDA"
"156";"LBN";"LB";"Lebanon";"Beirut";"35.5134";"33.8872";"MEA";"ZQ";"Middle East & North Africa";"MNA";"XQ";"Middle East & North Africa (excluding high income)";"UMC";"XT";"Upper middle income";"IBD";"XF";"IBRD"
"157";"LBR";"LR";"Liberia";"Monrovia";"-10.7957";"6.30039";"SSF";"ZG";"Sub-Saharan Africa ";"SSA";"ZF";"Sub-Saharan Africa (excluding high income)";"LIC";"XM";"Low income";"IDX";"XI";"IDA"
"158";"LBY";"LY";"Libya";"Tripoli";"13.1072";"32.8578";"MEA";"ZQ";"Middle East & North Africa";"MNA";"XQ";"Middle East & North Africa (excluding high income)";"UMC";"XT";"Upper middle income";"IBD";"XF";"IBRD"
"159";"LCA";"LC";"St. Lucia";"Castries";"-60.9832";"14";"LCN";"ZJ";"Latin America & Caribbean ";"LAC";"XJ";"Latin America & Caribbean (excluding high income)";"UMC";"XT";"Upper middle income";"IDB";"XH";"Blend"
"160";"LCN";"ZJ";"Latin America & Caribbean ";NA;NA;NA;NA;NA;"Aggregates";NA;NA;NA;NA;NA;"Aggregates";NA;NA;"Aggregates"
"161";"LCR";"L4";"Latin America and the Caribbean";NA;NA;NA;NA;NA;"Aggregates";NA;NA;NA;NA;NA;"Aggregates";NA;NA;"Aggregates"
"162";"LDC";"XL";"Least developed countries: UN classification";NA;NA;NA;NA;NA;"Aggregates";NA;NA;NA;NA;NA;"Aggregates";NA;NA;"Aggregates"
"163";"LIC";"XM";"Low income";NA;NA;NA;NA;NA;"Aggregates";NA;NA;NA;NA;NA;"Aggregates";NA;NA;"Aggregates"
"164";"LIE";"LI";"Liechtenstein";"Vaduz";"9.52148";"47.1411";"ECS";"Z7";"Europe & Central Asia";NA;NA;NA;"HIC";"XD";"High income";"LNX";"XX";"Not classified"
"165";"LKA";"LK";"Sri Lanka";"Colombo";"79.8528";"6.92148";"SAS";"8S";"South Asia";"SAS";"8S";"South Asia";"UMC";"XT";"Upper middle income";"IBD";"XF";"IBRD"
"166";"LMC";"XN";"Lower middle income";NA;NA;NA;NA;NA;"Aggregates";NA;NA;NA;NA;NA;"Aggregates";NA;NA;"Aggregates"
"167";"LMY";"XO";"Low & middle income";NA;NA;NA;NA;NA;"Aggregates";NA;NA;NA;NA;NA;"Aggregates";NA;NA;"Aggregates"
"168";"LSO";"LS";"Lesotho";"Maseru";"27.7167";"-29.5208";"SSF";"ZG";"Sub-Saharan Africa ";"SSA";"ZF";"Sub-Saharan Africa (excluding high income)";"LMC";"XN";"Lower middle income";"IDX";"XI";"IDA"
"169";"LTE";"V3";"Late-demographic dividend";NA;NA;NA;NA;NA;"Aggregates";NA;NA;NA;NA;NA;"Aggregates";NA;NA;"Aggregates"
"170";"LTU";"LT";"Lithuania";"Vilnius";"25.2799";"54.6896";"ECS";"Z7";"Europe & Central Asia";NA;NA;NA;"HIC";"XD";"High income";"LNX";"XX";"Not classified"
"171";"LUX";"LU";"Luxembourg";"Luxembourg";"6.1296";"49.61";"ECS";"Z7";"Europe & Central Asia";NA;NA;NA;"HIC";"XD";"High income";"LNX";"XX";"Not classified"
"172";"LVA";"LV";"Latvia";"Riga";"24.1048";"56.9465";"ECS";"Z7";"Europe & Central Asia";NA;NA;NA;"HIC";"XD";"High income";"LNX";"XX";"Not classified"
"173";"MAC";"MO";"Macao SAR, China";NA;"113.55";"22.1667";"EAS";"Z4";"East Asia & Pacific";NA;NA;NA;"HIC";"XD";"High income";"LNX";"XX";"Not classified"
"174";"MAF";"MF";"St. Martin (French part)";"Marigot";NA;NA;"LCN";"ZJ";"Latin America & Caribbean ";NA;NA;NA;"HIC";"XD";"High income";"LNX";"XX";"Not classified"
"175";"MAR";"MA";"Morocco";"Rabat";"-6.8704";"33.9905";"MEA";"ZQ";"Middle East & North Africa";"MNA";"XQ";"Middle East & North Africa (excluding high income)";"LMC";"XN";"Lower middle income";"IBD";"XF";"IBRD"
"176";"MCA";"L6";"Central America";NA;NA;NA;NA;NA;"Aggregates";NA;NA;NA;NA;NA;"Aggregates";NA;NA;"Aggregates"
"177";"MCO";"MC";"Monaco";"Monaco";"7.41891";"43.7325";"ECS";"Z7";"Europe & Central Asia";NA;NA;NA;"HIC";"XD";"High income";"LNX";"XX";"Not classified"
"178";"MDA";"MD";"Moldova";"Chisinau";"28.8497";"47.0167";"ECS";"Z7";"Europe & Central Asia";"ECA";"7E";"Europe & Central Asia (excluding high income)";"LMC";"XN";"Lower middle income";"IDB";"XH";"Blend"
"179";"MDE";"M1";"Middle East (developing only)";NA;NA;NA;NA;NA;"Aggregates";NA;NA;NA;NA;NA;"Aggregates";NA;NA;"Aggregates"
"180";"MDG";"MG";"Madagascar";"Antananarivo";"45.7167";"-20.4667";"SSF";"ZG";"Sub-Saharan Africa ";"SSA";"ZF";"Sub-Saharan Africa (excluding high income)";"LIC";"XM";"Low income";"IDX";"XI";"IDA"
"181";"MDV";"MV";"Maldives";"Male";"73.5109";"4.1742";"SAS";"8S";"South Asia";"SAS";"8S";"South Asia";"UMC";"XT";"Upper middle income";"IDX";"XI";"IDA"
"182";"MEA";"ZQ";"Middle East & North Africa";NA;NA;NA;NA;NA;"Aggregates";NA;NA;NA;NA;NA;"Aggregates";NA;NA;"Aggregates"
"183";"MEX";"MX";"Mexico";"Mexico City";"-99.1276";"19.427";"LCN";"ZJ";"Latin America & Caribbean ";"LAC";"XJ";"Latin America & Caribbean (excluding high income)";"UMC";"XT";"Upper middle income";"IBD";"XF";"IBRD"
"184";"MHL";"MH";"Marshall Islands";"Majuro";"171.135";"7.11046";"EAS";"Z4";"East Asia & Pacific";"EAP";"4E";"East Asia & Pacific (excluding high income)";"UMC";"XT";"Upper middle income";"IDX";"XI";"IDA"
"185";"MIC";"XP";"Middle income";NA;NA;NA;NA;NA;"Aggregates";NA;NA;NA;NA;NA;"Aggregates";NA;NA;"Aggregates"
"186";"MKD";"MK";"North Macedonia";"Skopje";"21.4361";"42.0024";"ECS";"Z7";"Europe & Central Asia";"ECA";"7E";"Europe & Central Asia (excluding high income)";"UMC";"XT";"Upper middle income";"IBD";"XF";"IBRD"
"187";"MLI";"ML";"Mali";"Bamako";"-7.50034";"13.5667";"SSF";"ZG";"Sub-Saharan Africa ";"SSA";"ZF";"Sub-Saharan Africa (excluding high income)";"LIC";"XM";"Low income";"IDX";"XI";"IDA"
"188";"MLT";"MT";"Malta";"Valletta";"14.5189";"35.9042";"MEA";"ZQ";"Middle East & North Africa";NA;NA;NA;"HIC";"XD";"High income";"LNX";"XX";"Not classified"
"189";"MMR";"MM";"Myanmar";"Naypyidaw";"95.9562";"21.914";"EAS";"Z4";"East Asia & Pacific";"EAP";"4E";"East Asia & Pacific (excluding high income)";"LMC";"XN";"Lower middle income";"IDX";"XI";"IDA"
"190";"MNA";"XQ";"Middle East & North Africa (excluding high income)";NA;NA;NA;NA;NA;"Aggregates";NA;NA;NA;NA;NA;"Aggregates";NA;NA;"Aggregates"
"191";"MNE";"ME";"Montenegro";"Podgorica";"19.2595";"42.4602";"ECS";"Z7";"Europe & Central Asia";"ECA";"7E";"Europe & Central Asia (excluding high income)";"UMC";"XT";"Upper middle income";"IBD";"XF";"IBRD"
"192";"MNG";"MN";"Mongolia";"Ulaanbaatar";"106.937";"47.9129";"EAS";"Z4";"East Asia & Pacific";"EAP";"4E";"East Asia & Pacific (excluding high income)";"LMC";"XN";"Lower middle income";"IDB";"XH";"Blend"
"193";"MNP";"MP";"Northern Mariana Islands";"Saipan";"145.765";"15.1935";"EAS";"Z4";"East Asia & Pacific";NA;NA;NA;"HIC";"XD";"High income";"LNX";"XX";"Not classified"
"194";"MOZ";"MZ";"Mozambique";"Maputo";"32.5713";"-25.9664";"SSF";"ZG";"Sub-Saharan Africa ";"SSA";"ZF";"Sub-Saharan Africa (excluding high income)";"LIC";"XM";"Low income";"IDX";"XI";"IDA"
"195";"MRT";"MR";"Mauritania";"Nouakchott";"-15.9824";"18.2367";"SSF";"ZG";"Sub-Saharan Africa ";"SSA";"ZF";"Sub-Saharan Africa (excluding high income)";"LMC";"XN";"Lower middle income";"IDX";"XI";"IDA"
"196";"MUS";"MU";"Mauritius";"Port Louis";"57.4977";"-20.1605";"SSF";"ZG";"Sub-Saharan Africa ";"SSA";"ZF";"Sub-Saharan Africa (excluding high income)";"UMC";"XT";"Upper middle income";"IBD";"XF";"IBRD"
"197";"MWI";"MW";"Malawi";"Lilongwe";"33.7703";"-13.9899";"SSF";"ZG";"Sub-Saharan Africa ";"SSA";"ZF";"Sub-Saharan Africa (excluding high income)";"LIC";"XM";"Low income";"IDX";"XI";"IDA"
"198";"MYS";"MY";"Malaysia";"Kuala Lumpur";"101.684";"3.12433";"EAS";"Z4";"East Asia & Pacific";"EAP";"4E";"East Asia & Pacific (excluding high income)";"UMC";"XT";"Upper middle income";"IBD";"XF";"IBRD"
"199";"NAC";"XU";"North America";NA;NA;NA;NA;NA;"Aggregates";NA;NA;NA;NA;NA;"Aggregates";NA;NA;"Aggregates"
"200";"NAF";"M2";"North Africa";NA;NA;NA;NA;NA;"Aggregates";NA;NA;NA;NA;NA;"Aggregates";NA;NA;"Aggregates"
"201";"NAM";"NA";"Namibia";"Windhoek";"17.0931";"-22.5648";"SSF";"ZG";"Sub-Saharan Africa ";"SSA";"ZF";"Sub-Saharan Africa (excluding high income)";"UMC";"XT";"Upper middle income";"IBD";"XF";"IBRD"
"202";"NCL";"NC";"New Caledonia";"Noum'ea";"166.464";"-22.2677";"EAS";"Z4";"East Asia & Pacific";NA;NA;NA;"HIC";"XD";"High income";"LNX";"XX";"Not classified"
"203";"NER";"NE";"Niger";"Niamey";"2.1073";"13.514";"SSF";"ZG";"Sub-Saharan Africa ";"SSA";"ZF";"Sub-Saharan Africa (excluding high income)";"LIC";"XM";"Low income";"IDX";"XI";"IDA"
"204";"NGA";"NG";"Nigeria";"Abuja";"7.48906";"9.05804";"SSF";"ZG";"Sub-Saharan Africa ";"SSA";"ZF";"Sub-Saharan Africa (excluding high income)";"LMC";"XN";"Lower middle income";"IDB";"XH";"Blend"
"205";"NIC";"NI";"Nicaragua";"Managua";"-86.2734";"12.1475";"LCN";"ZJ";"Latin America & Caribbean ";"LAC";"XJ";"Latin America & Caribbean (excluding high income)";"LMC";"XN";"Lower middle income";"IDX";"XI";"IDA"
"206";"NLD";"NL";"Netherlands";"Amsterdam";"4.89095";"52.3738";"ECS";"Z7";"Europe & Central Asia";NA;NA;NA;"HIC";"XD";"High income";"LNX";"XX";"Not classified"
"207";"NLS";"6L";"Non-resource rich Sub-Saharan Africa countries, of which landlocked";NA;NA;NA;NA;NA;"Aggregates";NA;NA;NA;NA;NA;"Aggregates";NA;NA;"Aggregates"
"208";"NOR";"NO";"Norway";"Oslo";"10.7387";"59.9138";"ECS";"Z7";"Europe & Central Asia";NA;NA;NA;"HIC";"XD";"High income";"LNX";"XX";"Not classified"
"209";"NPL";"NP";"Nepal";"Kathmandu";"85.3157";"27.6939";"SAS";"8S";"South Asia";"SAS";"8S";"South Asia";"LIC";"XM";"Low income";"IDX";"XI";"IDA"
"210";"NRS";"6X";"Non-resource rich Sub-Saharan Africa countries";NA;NA;NA;NA;NA;"Aggregates";NA;NA;NA;NA;NA;"Aggregates";NA;NA;"Aggregates"
"211";"NRU";"NR";"Nauru";"Yaren District";"166.920867";"-0.5477";"EAS";"Z4";"East Asia & Pacific";"EAP";"4E";"East Asia & Pacific (excluding high income)";"UMC";"XT";"Upper middle income";"IBD";"XF";"IBRD"
"212";"NXS";"6N";"IDA countries not classified as fragile situations, excluding Sub-Saharan Africa";NA;NA;NA;NA;NA;"Aggregates";NA;NA;NA;NA;NA;"Aggregates";NA;NA;"Aggregates"
"213";"NZL";"NZ";"New Zealand";"Wellington";"174.776";"-41.2865";"EAS";"Z4";"East Asia & Pacific";NA;NA;NA;"HIC";"XD";"High income";"LNX";"XX";"Not classified"
"214";"OED";"OE";"OECD members";NA;NA;NA;NA;NA;"Aggregates";NA;NA;NA;NA;NA;"Aggregates";NA;NA;"Aggregates"
"215";"OMN";"OM";"Oman";"Muscat";"58.5874";"23.6105";"MEA";"ZQ";"Middle East & North Africa";NA;NA;NA;"HIC";"XD";"High income";"LNX";"XX";"Not classified"
"216";"OSS";"S4";"Other small states";NA;NA;NA;NA;NA;"Aggregates";NA;NA;NA;NA;NA;"Aggregates";NA;NA;"Aggregates"
"217";"PAK";"PK";"Pakistan";"Islamabad";"72.8";"30.5167";"SAS";"8S";"South Asia";"SAS";"8S";"South Asia";"LMC";"XN";"Lower middle income";"IDB";"XH";"Blend"
"218";"PAN";"PA";"Panama";"Panama City";"-79.5188";"8.99427";"LCN";"ZJ";"Latin America & Caribbean ";NA;NA;NA;"HIC";"XD";"High income";"IBD";"XF";"IBRD"
"219";"PER";"PE";"Peru";"Lima";"-77.0465";"-12.0931";"LCN";"ZJ";"Latin America & Caribbean ";"LAC";"XJ";"Latin America & Caribbean (excluding high income)";"UMC";"XT";"Upper middle income";"IBD";"XF";"IBRD"
"220";"PHL";"PH";"Philippines";"Manila";"121.035";"14.5515";"EAS";"Z4";"East Asia & Pacific";"EAP";"4E";"East Asia & Pacific (excluding high income)";"LMC";"XN";"Lower middle income";"IBD";"XF";"IBRD"
"221";"PLW";"PW";"Palau";"Koror";"134.479";"7.34194";"EAS";"Z4";"East Asia & Pacific";NA;NA;NA;"HIC";"XD";"High income";"IBD";"XF";"IBRD"
"222";"PNG";"PG";"Papua New Guinea";"Port Moresby";"147.194";"-9.47357";"EAS";"Z4";"East Asia & Pacific";"EAP";"4E";"East Asia & Pacific (excluding high income)";"LMC";"XN";"Lower middle income";"IDB";"XH";"Blend"
"223";"POL";"PL";"Poland";"Warsaw";"21.02";"52.26";"ECS";"Z7";"Europe & Central Asia";NA;NA;NA;"HIC";"XD";"High income";"IBD";"XF";"IBRD"
"224";"PRE";"V1";"Pre-demographic dividend";NA;NA;NA;NA;NA;"Aggregates";NA;NA;NA;NA;NA;"Aggregates";NA;NA;"Aggregates"
"225";"PRI";"PR";"Puerto Rico";"San Juan";"-66";"18.23";"LCN";"ZJ";"Latin America & Caribbean ";NA;NA;NA;"HIC";"XD";"High income";"LNX";"XX";"Not classified"
"226";"PRK";"KP";"Korea, Dem. People’s Rep.";"Pyongyang";"125.754";"39.0319";"EAS";"Z4";"East Asia & Pacific";"EAP";"4E";"East Asia & Pacific (excluding high income)";"LIC";"XM";"Low income";"LNX";"XX";"Not classified"
"227";"PRT";"PT";"Portugal";"Lisbon";"-9.13552";"38.7072";"ECS";"Z7";"Europe & Central Asia";NA;NA;NA;"HIC";"XD";"High income";"LNX";"XX";"Not classified"
"228";"PRY";"PY";"Paraguay";"Asuncion";"-57.6362";"-25.3005";"LCN";"ZJ";"Latin America & Caribbean ";"LAC";"XJ";"Latin America & Caribbean (excluding high income)";"UMC";"XT";"Upper middle income";"IBD";"XF";"IBRD"
"229";"PSE";"PS";"West Bank and Gaza";NA;NA;NA;"MEA";"ZQ";"Middle East & North Africa";"MNA";"XQ";"Middle East & North Africa (excluding high income)";"LMC";"XN";"Lower middle income";"LNX";"XX";"Not classified"
"230";"PSS";"S2";"Pacific island small states";NA;NA;NA;NA;NA;"Aggregates";NA;NA;NA;NA;NA;"Aggregates";NA;NA;"Aggregates"
"231";"PST";"V4";"Post-demographic dividend";NA;NA;NA;NA;NA;"Aggregates";NA;NA;NA;NA;NA;"Aggregates";NA;NA;"Aggregates"
"232";"PYF";"PF";"French Polynesia";"Papeete";"-149.57";"-17.535";"EAS";"Z4";"East Asia & Pacific";NA;NA;NA;"HIC";"XD";"High income";"LNX";"XX";"Not classified"
"233";"QAT";"QA";"Qatar";"Doha";"51.5082";"25.2948";"MEA";"ZQ";"Middle East & North Africa";NA;NA;NA;"HIC";"XD";"High income";"LNX";"XX";"Not classified"
"234";"ROU";"RO";"Romania";"Bucharest";"26.0979";"44.4479";"ECS";"Z7";"Europe & Central Asia";"ECA";"7E";"Europe & Central Asia (excluding high income)";"UMC";"XT";"Upper middle income";"IBD";"XF";"IBRD"
"235";"RRS";"R6";"Resource rich Sub-Saharan Africa countries";NA;NA;NA;NA;NA;"Aggregates";NA;NA;NA;NA;NA;"Aggregates";NA;NA;"Aggregates"
"236";"RSO";"O6";"Resource rich Sub-Saharan Africa countries, of which oil exporters";NA;NA;NA;NA;NA;"Aggregates";NA;NA;NA;NA;NA;"Aggregates";NA;NA;"Aggregates"
"237";"RUS";"RU";"Russian Federation";"Moscow";"37.6176";"55.7558";"ECS";"Z7";"Europe & Central Asia";"ECA";"7E";"Europe & Central Asia (excluding high income)";"UMC";"XT";"Upper middle income";"IBD";"XF";"IBRD"
"238";"RWA";"RW";"Rwanda";"Kigali";"30.0587";"-1.95325";"SSF";"ZG";"Sub-Saharan Africa ";"SSA";"ZF";"Sub-Saharan Africa (excluding high income)";"LIC";"XM";"Low income";"IDX";"XI";"IDA"
"239";"SAS";"8S";"South Asia";NA;NA;NA;NA;NA;"Aggregates";NA;NA;NA;NA;NA;"Aggregates";NA;NA;"Aggregates"
"240";"SAU";"SA";"Saudi Arabia";"Riyadh";"46.6977";"24.6748";"MEA";"ZQ";"Middle East & North Africa";NA;NA;NA;"HIC";"XD";"High income";"LNX";"XX";"Not classified"
"241";"SCE";"L7";"Southern Cone";NA;NA;NA;NA;NA;"Aggregates";NA;NA;NA;NA;NA;"Aggregates";NA;NA;"Aggregates"
"242";"SDN";"SD";"Sudan";"Khartoum";"32.5363";"15.5932";"SSF";"ZG";"Sub-Saharan Africa ";"SSA";"ZF";"Sub-Saharan Africa (excluding high income)";"LMC";"XN";"Lower middle income";"IDX";"XI";"IDA"
"243";"SEN";"SN";"Senegal";"Dakar";"-17.4734";"14.7247";"SSF";"ZG";"Sub-Saharan Africa ";"SSA";"ZF";"Sub-Saharan Africa (excluding high income)";"LMC";"XN";"Lower middle income";"IDX";"XI";"IDA"
"244";"SGP";"SG";"Singapore";"Singapore";"103.85";"1.28941";"EAS";"Z4";"East Asia & Pacific";NA;NA;NA;"HIC";"XD";"High income";"LNX";"XX";"Not classified"
"245";"SLB";"SB";"Solomon Islands";"Honiara";"159.949";"-9.42676";"EAS";"Z4";"East Asia & Pacific";"EAP";"4E";"East Asia & Pacific (excluding high income)";"LMC";"XN";"Lower middle income";"IDX";"XI";"IDA"
"246";"SLE";"SL";"Sierra Leone";"Freetown";"-13.2134";"8.4821";"SSF";"ZG";"Sub-Saharan Africa ";"SSA";"ZF";"Sub-Saharan Africa (excluding high income)";"LIC";"XM";"Low income";"IDX";"XI";"IDA"
"247";"SLV";"SV";"El Salvador";"San Salvador";"-89.2073";"13.7034";"LCN";"ZJ";"Latin America & Caribbean ";"LAC";"XJ";"Latin America & Caribbean (excluding high income)";"LMC";"XN";"Lower middle income";"IBD";"XF";"IBRD"
"248";"SMR";"SM";"San Marino";"San Marino";"12.4486";"43.9322";"ECS";"Z7";"Europe & Central Asia";NA;NA;NA;"HIC";"XD";"High income";"LNX";"XX";"Not classified"
"249";"SOM";"SO";"Somalia";"Mogadishu";"45.3254";"2.07515";"SSF";"ZG";"Sub-Saharan Africa ";"SSA";"ZF";"Sub-Saharan Africa (excluding high income)";"LIC";"XM";"Low income";"IDX";"XI";"IDA"
"250";"SRB";"RS";"Serbia";"Belgrade";"20.4656";"44.8024";"ECS";"Z7";"Europe & Central Asia";"ECA";"7E";"Europe & Central Asia (excluding high income)";"UMC";"XT";"Upper middle income";"IBD";"XF";"IBRD"
"251";"SSA";"ZF";"Sub-Saharan Africa (excluding high income)";NA;NA;NA;NA;NA;"Aggregates";NA;NA;NA;NA;NA;"Aggregates";NA;NA;"Aggregates"
"252";"SSD";"SS";"South Sudan";"Juba";"31.6";"4.85";"SSF";"ZG";"Sub-Saharan Africa ";"SSA";"ZF";"Sub-Saharan Africa (excluding high income)";"LIC";"XM";"Low income";"IDX";"XI";"IDA"
"253";"SSF";"ZG";"Sub-Saharan Africa ";NA;NA;NA;NA;NA;"Aggregates";NA;NA;NA;NA;NA;"Aggregates";NA;NA;"Aggregates"
"254";"SST";"S1";"Small states";NA;NA;NA;NA;NA;"Aggregates";NA;NA;NA;NA;NA;"Aggregates";NA;NA;"Aggregates"
"255";"STP";"ST";"Sao Tome and Principe";"Sao Tome";"6.6071";"0.20618";"SSF";"ZG";"Sub-Saharan Africa ";"SSA";"ZF";"Sub-Saharan Africa (excluding high income)";"LMC";"XN";"Lower middle income";"IDX";"XI";"IDA"
"256";"SUR";"SR";"Suriname";"Paramaribo";"-55.1679";"5.8232";"LCN";"ZJ";"Latin America & Caribbean ";"LAC";"XJ";"Latin America & Caribbean (excluding high income)";"UMC";"XT";"Upper middle income";"IBD";"XF";"IBRD"
"257";"SVK";"SK";"Slovak Republic";"Bratislava";"17.1073";"48.1484";"ECS";"Z7";"Europe & Central Asia";NA;NA;NA;"HIC";"XD";"High income";"LNX";"XX";"Not classified"
"258";"SVN";"SI";"Slovenia";"Ljubljana";"14.5044";"46.0546";"ECS";"Z7";"Europe & Central Asia";NA;NA;NA;"HIC";"XD";"High income";"LNX";"XX";"Not classified"
"259";"SWE";"SE";"Sweden";"Stockholm";"18.0645";"59.3327";"ECS";"Z7";"Europe & Central Asia";NA;NA;NA;"HIC";"XD";"High income";"LNX";"XX";"Not classified"
"260";"SWZ";"SZ";"Eswatini";"Mbabane";"31.4659";"-26.5225";"SSF";"ZG";"Sub-Saharan Africa ";"SSA";"ZF";"Sub-Saharan Africa (excluding high income)";"LMC";"XN";"Lower middle income";"IBD";"XF";"IBRD"
"261";"SXM";"SX";"Sint Maarten (Dutch part)";"Philipsburg";NA;NA;"LCN";"ZJ";"Latin America & Caribbean ";NA;NA;NA;"HIC";"XD";"High income";"LNX";"XX";"Not classified"
"262";"SXZ";"A4";"Sub-Saharan Africa excluding South Africa";NA;NA;NA;NA;NA;"Aggregates";NA;NA;NA;NA;NA;"Aggregates";NA;NA;"Aggregates"
"263";"SYC";"SC";"Seychelles";"Victoria";"55.4466";"-4.6309";"SSF";"ZG";"Sub-Saharan Africa ";NA;NA;NA;"HIC";"XD";"High income";"IBD";"XF";"IBRD"
"264";"SYR";"SY";"Syrian Arab Republic";"Damascus";"36.3119";"33.5146";"MEA";"ZQ";"Middle East & North Africa";"MNA";"XQ";"Middle East & North Africa (excluding high income)";"LIC";"XM";"Low income";"IDX";"XI";"IDA"
"265";"TCA";"TC";"Turks and Caicos Islands";"Grand Turk";"-71.141389";"21.4602778";"LCN";"ZJ";"Latin America & Caribbean ";NA;NA;NA;"HIC";"XD";"High income";"LNX";"XX";"Not classified"
"266";"TCD";"TD";"Chad";"N'Djamena";"15.0445";"12.1048";"SSF";"ZG";"Sub-Saharan Africa ";"SSA";"ZF";"Sub-Saharan Africa (excluding high income)";"LIC";"XM";"Low income";"IDX";"XI";"IDA"
"267";"TEA";"T4";"East Asia & Pacific (IDA & IBRD countries)";NA;NA;NA;NA;NA;"Aggregates";NA;NA;NA;NA;NA;"Aggregates";NA;NA;"Aggregates"
"268";"TEC";"T7";"Europe & Central Asia (IDA & IBRD countries)";NA;NA;NA;NA;NA;"Aggregates";NA;NA;NA;NA;NA;"Aggregates";NA;NA;"Aggregates"
"269";"TGO";"TG";"Togo";"Lome";"1.2255";"6.1228";"SSF";"ZG";"Sub-Saharan Africa ";"SSA";"ZF";"Sub-Saharan Africa (excluding high income)";"LIC";"XM";"Low income";"IDX";"XI";"IDA"
"270";"THA";"TH";"Thailand";"Bangkok";"100.521";"13.7308";"EAS";"Z4";"East Asia & Pacific";"EAP";"4E";"East Asia & Pacific (excluding high income)";"UMC";"XT";"Upper middle income";"IBD";"XF";"IBRD"
"271";"TJK";"TJ";"Tajikistan";"Dushanbe";"68.7864";"38.5878";"ECS";"Z7";"Europe & Central Asia";"ECA";"7E";"Europe & Central Asia (excluding high income)";"LIC";"XM";"Low income";"IDX";"XI";"IDA"
"272";"TKM";"TM";"Turkmenistan";"Ashgabat";"58.3794";"37.9509";"ECS";"Z7";"Europe & Central Asia";"ECA";"7E";"Europe & Central Asia (excluding high income)";"UMC";"XT";"Upper middle income";"IBD";"XF";"IBRD"
"273";"TLA";"T2";"Latin America & the Caribbean (IDA & IBRD countries)";NA;NA;NA;NA;NA;"Aggregates";NA;NA;NA;NA;NA;"Aggregates";NA;NA;"Aggregates"
"274";"TLS";"TL";"Timor-Leste";"Dili";"125.567";"-8.56667";"EAS";"Z4";"East Asia & Pacific";"EAP";"4E";"East Asia & Pacific (excluding high income)";"LMC";"XN";"Lower middle income";"IDB";"XH";"Blend"
"275";"TMN";"T3";"Middle East & North Africa (IDA & IBRD countries)";NA;NA;NA;NA;NA;"Aggregates";NA;NA;NA;NA;NA;"Aggregates";NA;NA;"Aggregates"
"276";"TON";"TO";"Tonga";"Nuku'alofa";"-175.216";"-21.136";"EAS";"Z4";"East Asia & Pacific";"EAP";"4E";"East Asia & Pacific (excluding high income)";"UMC";"XT";"Upper middle income";"IDX";"XI";"IDA"
"277";"TSA";"T5";"South Asia (IDA & IBRD)";NA;NA;NA;NA;NA;"Aggregates";NA;NA;NA;NA;NA;"Aggregates";NA;NA;"Aggregates"
"278";"TSS";"T6";"Sub-Saharan Africa (IDA & IBRD countries)";NA;NA;NA;NA;NA;"Aggregates";NA;NA;NA;NA;NA;"Aggregates";NA;NA;"Aggregates"
"279";"TTO";"TT";"Trinidad and Tobago";"Port-of-Spain";"-61.4789";"10.6596";"LCN";"ZJ";"Latin America & Caribbean ";NA;NA;NA;"HIC";"XD";"High income";"IBD";"XF";"IBRD"
"280";"TUN";"TN";"Tunisia";"Tunis";"10.21";"36.7899";"MEA";"ZQ";"Middle East & North Africa";"MNA";"XQ";"Middle East & North Africa (excluding high income)";"LMC";"XN";"Lower middle income";"IBD";"XF";"IBRD"
"281";"TUR";"TR";"Turkey";"Ankara";"32.3606";"39.7153";"ECS";"Z7";"Europe & Central Asia";"ECA";"7E";"Europe & Central Asia (excluding high income)";"UMC";"XT";"Upper middle income";"IBD";"XF";"IBRD"
"282";"TUV";"TV";"Tuvalu";"Funafuti";"179.089567";"-8.6314877";"EAS";"Z4";"East Asia & Pacific";"EAP";"4E";"East Asia & Pacific (excluding high income)";"UMC";"XT";"Upper middle income";"IDX";"XI";"IDA"
"283";"TWN";"TW";"Taiwan, China";NA;NA;NA;"EAS";"Z4";"East Asia & Pacific";NA;NA;NA;"HIC";"XD";"High income";"LNX";"XX";"Not classified"
"284";"TZA";"TZ";"Tanzania";"Dodoma";"35.7382";"-6.17486";"SSF";"ZG";"Sub-Saharan Africa ";"SSA";"ZF";"Sub-Saharan Africa (excluding high income)";"LIC";"XM";"Low income";"IDX";"XI";"IDA"
"285";"UGA";"UG";"Uganda";"Kampala";"32.5729";"0.314269";"SSF";"ZG";"Sub-Saharan Africa ";"SSA";"ZF";"Sub-Saharan Africa (excluding high income)";"LIC";"XM";"Low income";"IDX";"XI";"IDA"
"286";"UKR";"UA";"Ukraine";"Kiev";"30.5038";"50.4536";"ECS";"Z7";"Europe & Central Asia";"ECA";"7E";"Europe & Central Asia (excluding high income)";"LMC";"XN";"Lower middle income";"IBD";"XF";"IBRD"
"287";"UMC";"XT";"Upper middle income";NA;NA;NA;NA;NA;"Aggregates";NA;NA;NA;NA;NA;"Aggregates";NA;NA;"Aggregates"
"288";"URY";"UY";"Uruguay";"Montevideo";"-56.0675";"-34.8941";"LCN";"ZJ";"Latin America & Caribbean ";NA;NA;NA;"HIC";"XD";"High income";"IBD";"XF";"IBRD"
"289";"USA";"US";"United States";"Washington D.C.";"-77.032";"38.8895";"NAC";"XU";"North America";NA;NA;NA;"HIC";"XD";"High income";"LNX";"XX";"Not classified"
"290";"UZB";"UZ";"Uzbekistan";"Tashkent";"69.269";"41.3052";"ECS";"Z7";"Europe & Central Asia";"ECA";"7E";"Europe & Central Asia (excluding high income)";"LMC";"XN";"Lower middle income";"IDB";"XH";"Blend"
"291";"VCT";"VC";"St. Vincent and the Grenadines";"Kingstown";"-61.2653";"13.2035";"LCN";"ZJ";"Latin America & Caribbean ";"LAC";"XJ";"Latin America & Caribbean (excluding high income)";"UMC";"XT";"Upper middle income";"IDB";"XH";"Blend"
"292";"VEN";"VE";"Venezuela, RB";"Caracas";"-69.8371";"9.08165";"LCN";"ZJ";"Latin America & Caribbean ";"LAC";"XJ";"Latin America & Caribbean (excluding high income)";"UMC";"XT";"Upper middle income";"IBD";"XF";"IBRD"
"293";"VGB";"VG";"British Virgin Islands";"Road Town";"-64.623056";"18.431389";"LCN";"ZJ";"Latin America & Caribbean ";NA;NA;NA;"HIC";"XD";"High income";"LNX";"XX";"Not classified"
"294";"VIR";"VI";"Virgin Islands (U.S.)";"Charlotte Amalie";"-64.8963";"18.3358";"LCN";"ZJ";"Latin America & Caribbean ";NA;NA;NA;"HIC";"XD";"High income";"LNX";"XX";"Not classified"
"295";"VNM";"VN";"Vietnam";"Hanoi";"105.825";"21.0069";"EAS";"Z4";"East Asia & Pacific";"EAP";"4E";"East Asia & Pacific (excluding high income)";"LMC";"XN";"Lower middle income";"IBD";"XF";"IBRD"
"296";"VUT";"VU";"Vanuatu";"Port-Vila";"168.321";"-17.7404";"EAS";"Z4";"East Asia & Pacific";"EAP";"4E";"East Asia & Pacific (excluding high income)";"LMC";"XN";"Lower middle income";"IDX";"XI";"IDA"
"297";"WLD";"1W";"World";NA;NA;NA;NA;NA;"Aggregates";NA;NA;NA;NA;NA;"Aggregates";NA;NA;"Aggregates"
"298";"WSM";"WS";"Samoa";"Apia";"-171.752";"-13.8314";"EAS";"Z4";"East Asia & Pacific";"EAP";"4E";"East Asia & Pacific (excluding high income)";"UMC";"XT";"Upper middle income";"IDX";"XI";"IDA"
"299";"XKX";"XK";"Kosovo";"Pristina";"20.926";"42.565";"ECS";"Z7";"Europe & Central Asia";"ECA";"7E";"Europe & Central Asia (excluding high income)";"UMC";"XT";"Upper middle income";"IDX";"XI";"IDA"
"300";"XZN";"A5";"Sub-Saharan Africa excluding South Africa and Nigeria";NA;NA;NA;NA;NA;"Aggregates";NA;NA;NA;NA;NA;"Aggregates";NA;NA;"Aggregates"
"301";"YEM";"YE";"Yemen, Rep.";"Sana'a";"44.2075";"15.352";"MEA";"ZQ";"Middle East & North Africa";"MNA";"XQ";"Middle East & North Africa (excluding high income)";"LIC";"XM";"Low income";"IDX";"XI";"IDA"
"302";"ZAF";"ZA";"South Africa";"Pretoria";"28.1871";"-25.746";"SSF";"ZG";"Sub-Saharan Africa ";"SSA";"ZF";"Sub-Saharan Africa (excluding high income)";"UMC";"XT";"Upper middle income";"IBD";"XF";"IBRD"
"303";"ZMB";"ZM";"Zambia";"Lusaka";"28.2937";"-15.3982";"SSF";"ZG";"Sub-Saharan Africa ";"SSA";"ZF";"Sub-Saharan Africa (excluding high income)";"LMC";"XN";"Lower middle income";"IDX";"XI";"IDA"
"304";"ZWE";"ZW";"Zimbabwe";"Harare";"31.0672";"-17.8312";"SSF";"ZG";"Sub-Saharan Africa ";"SSA";"ZF";"Sub-Saharan Africa (excluding high income)";"LMC";"XN";"Lower middle income";"IDB";"XH";"Blend"
